{
  "Minkowski (tensors)": {
    "n_features": 52,
    "feature_names": "52 features",
    "balanced_accuracy": {
      "mean": 0.8210450815349241,
      "std": 0.015185974525310704
    },
    "geometric_mean": {
      "mean": 0.8203706673749197,
      "std": 0.014812190038204144
    }
  },
  "Minkowski (tensors+eigen+beta)": {
    "n_features": 76,
    "feature_names": "76 features",
    "balanced_accuracy": {
      "mean": 0.8264033921903677,
      "std": 0.012817975313387788
    },
    "geometric_mean": {
      "mean": 0.826210790385303,
      "std": 0.012630119016652848
    }
  },
  "SO3 Degree 1": {
    "n_features": 8,
    "feature_names": [
      "w000",
      "w020",
      "w100",
      "w120",
      "w200",
      "w220",
      "w300",
      "w320"
    ],
    "balanced_accuracy": {
      "mean": 0.8060565786975508,
      "std": 0.006980879724106839
    },
    "geometric_mean": {
      "mean": 0.80579142917361,
      "std": 0.006874620528729743
    }
  },
  "SO3 Degree 2": {
    "n_features": 39,
    "feature_names": [
      "dot_w010_w010",
      "dot_w010_w110",
      "dot_w010_w210",
      "dot_w010_w310",
      "dot_w110_w110",
      "dot_w110_w210",
      "dot_w110_w310",
      "dot_w210_w210",
      "dot_w210_w310",
      "dot_w310_w310",
      "frob_w020_w020",
      "frob_w020_w102",
      "frob_w020_w120",
      "frob_w020_w202",
      "frob_w020_w220",
      "frob_w020_w320",
      "frob_w102_w102",
      "frob_w102_w120",
      "frob_w102_w202",
      "frob_w102_w220",
      "frob_w102_w320",
      "frob_w120_w120",
      "frob_w120_w202",
      "frob_w120_w220",
      "frob_w120_w320",
      "frob_w202_w202",
      "frob_w202_w220",
      "frob_w202_w320",
      "frob_w220_w220",
      "frob_w220_w320",
      "frob_w320_w320",
      "w000",
      "w020",
      "w100",
      "w120",
      "w200",
      "w220",
      "w300",
      "w320"
    ],
    "balanced_accuracy": {
      "mean": 0.8326582705735923,
      "std": 0.0037888978001684366
    },
    "geometric_mean": {
      "mean": 0.8319706937734993,
      "std": 0.004152345290718786
    }
  },
  "SO3 Degree 3": {
    "n_features": 219,
    "feature_names": "219 features",
    "balanced_accuracy": {
      "mean": 0.824156698943105,
      "std": 0.0025848488125942808
    },
    "geometric_mean": {
      "mean": 0.8225654436476479,
      "std": 0.0031517121685941674
    }
  }
}