{
  "SO3 D1+E+B + frob_all": {
    "n_features": 53,
    "feature_names": "53 features",
    "balanced_accuracy": {
      "mean": 0.8299933177384157,
      "std": 0.005481771737445266
    },
    "geometric_mean": {
      "mean": 0.8281513162813127,
      "std": 0.00552651319452901
    },
    "runtime_seconds": {
      "optimization": 329.0,
      "evaluation": 13.7
    }
  },
  "SO3 D1+E+B + dots": {
    "n_features": 38,
    "feature_names": [
      "w000",
      "w020",
      "w100",
      "w120",
      "w200",
      "w220",
      "w300",
      "w320",
      "w020_EVal1",
      "w020_EVal2",
      "w020_EVal3",
      "w102_EVal1",
      "w102_EVal2",
      "w102_EVal3",
      "w120_EVal1",
      "w120_EVal2",
      "w120_EVal3",
      "w202_EVal1",
      "w202_EVal2",
      "w202_EVal3",
      "w220_EVal1",
      "w220_EVal2",
      "w220_EVal3",
      "w320_EVal1",
      "w320_EVal2",
      "w320_EVal3",
      "beta_w020",
      "beta_w102",
      "beta_w120",
      "beta_w202",
      "beta_w220",
      "beta_w320",
      "dot_w110_w110",
      "dot_w110_w210",
      "dot_w110_w310",
      "dot_w210_w210",
      "dot_w210_w310",
      "dot_w310_w310"
    ],
    "balanced_accuracy": {
      "mean": 0.8110344030687169,
      "std": 0.006133187026630294
    },
    "geometric_mean": {
      "mean": 0.809012528597982,
      "std": 0.00643587123873893
    },
    "runtime_seconds": {
      "optimization": 58.3,
      "evaluation": 5.2
    }
  },
  "_meta": {
    "total_runtime_seconds": 411.5,
    "n_iter": 20,
    "seeds": 3,
    "linear_only": true
  }
}