subdivision,n_vertices,time_s
5,10242,0.200024
6,40962,0.740378
7,163842,2.843293
8,655362,12.317813
9,2621442,48.361936
10,10485762,208.206287
11,41943042,1187.035574
