{
  "SO2 Degree 1 + Eigenvalues + Beta": {
    "n_features": 42,
    "feature_names": [
      "w000",
      "w010_z",
      "w020",
      "w020_zz",
      "w100",
      "w102_zz",
      "w110_z",
      "w120",
      "w120_zz",
      "w200",
      "w202_zz",
      "w210_z",
      "w220",
      "w220_zz",
      "w300",
      "w310_z",
      "w320",
      "w320_zz",
      "w020_EVal1",
      "w020_EVal2",
      "w020_EVal3",
      "w102_EVal1",
      "w102_EVal2",
      "w102_EVal3",
      "w120_EVal1",
      "w120_EVal2",
      "w120_EVal3",
      "w202_EVal1",
      "w202_EVal2",
      "w202_EVal3",
      "w220_EVal1",
      "w220_EVal2",
      "w220_EVal3",
      "w320_EVal1",
      "w320_EVal2",
      "w320_EVal3",
      "beta_w020",
      "beta_w102",
      "beta_w120",
      "beta_w202",
      "beta_w220",
      "beta_w320"
    ],
    "balanced_accuracy": {
      "mean": 0.808812339204496,
      "std": 0.0018908261723730318
    },
    "geometric_mean": {
      "mean": 0.8063707531845253,
      "std": 0.0016823906972679306
    },
    "runtime_seconds": {
      "optimization": 49.9,
      "evaluation": 1.5
    }
  },
  "_meta": {
    "total_runtime_seconds": 52.9,
    "n_iter": 20,
    "seeds": 3,
    "linear_only": true
  }
}