{
  "Baseline (tensors)": {
    "n_features": 52,
    "feature_names": "52 features",
    "balanced_accuracy": {
      "mean": 0.6851847805279178,
      "std": 0.0034986278347306256
    },
    "geometric_mean": {
      "mean": 0.6643086276780511,
      "std": 0.006106686283762624
    }
  },
  "Baseline (w/ eigen)": {
    "n_features": 76,
    "feature_names": "76 features",
    "balanced_accuracy": {
      "mean": 0.7322766935512034,
      "std": 0.002626040368544111
    },
    "geometric_mean": {
      "mean": 0.724690943595912,
      "std": 0.004040941504833253
    }
  },
  "SO3 Degree 1": {
    "n_features": 8,
    "feature_names": [
      "w000",
      "w020",
      "w100",
      "w120",
      "w200",
      "w220",
      "w300",
      "w320"
    ],
    "balanced_accuracy": {
      "mean": 0.7025722883566021,
      "std": 0.0035742727853478266
    },
    "geometric_mean": {
      "mean": 0.6881221811573055,
      "std": 0.00368659927742161
    }
  },
  "SO3 Degree 2": {
    "n_features": 39,
    "feature_names": [
      "dot_w010_w010",
      "dot_w010_w110",
      "dot_w010_w210",
      "dot_w010_w310",
      "dot_w110_w110",
      "dot_w110_w210",
      "dot_w110_w310",
      "dot_w210_w210",
      "dot_w210_w310",
      "dot_w310_w310",
      "frob_w020_w020",
      "frob_w020_w102",
      "frob_w020_w120",
      "frob_w020_w202",
      "frob_w020_w220",
      "frob_w020_w320",
      "frob_w102_w102",
      "frob_w102_w120",
      "frob_w102_w202",
      "frob_w102_w220",
      "frob_w102_w320",
      "frob_w120_w120",
      "frob_w120_w202",
      "frob_w120_w220",
      "frob_w120_w320",
      "frob_w202_w202",
      "frob_w202_w220",
      "frob_w202_w320",
      "frob_w220_w220",
      "frob_w220_w320",
      "frob_w320_w320",
      "w000",
      "w020",
      "w100",
      "w120",
      "w200",
      "w220",
      "w300",
      "w320"
    ],
    "balanced_accuracy": {
      "mean": 0.7147420274871257,
      "std": 0.0026144735845010916
    },
    "geometric_mean": {
      "mean": 0.7046252346269274,
      "std": 0.002555166616312458
    }
  },
  "SO3 Degree 3": {
    "n_features": 219,
    "feature_names": "219 features",
    "balanced_accuracy": {
      "mean": 0.6466372837696367,
      "std": 0.0008944992270010684
    },
    "geometric_mean": {
      "mean": 0.636431878609657,
      "std": 4.147292380129328e-05
    }
  }
}