{
  "Minkowski (tensors)": {
    "n_features": 62,
    "feature_names": "62 features",
    "balanced_accuracy": {
      "mean": 0.6713944798503623,
      "std": 0.004926960342609805
    },
    "geometric_mean": {
      "mean": 0.6445031657880999,
      "std": 0.006546448974139131
    },
    "runtime_seconds": {
      "optimization": 0.0,
      "evaluation": 10.2
    }
  },
  "Minkowski (tensors+eigen+beta)": {
    "n_features": 86,
    "feature_names": "86 features",
    "balanced_accuracy": {
      "mean": 0.725439593209201,
      "std": 0.0037167355935890127
    },
    "geometric_mean": {
      "mean": 0.7164933588776434,
      "std": 0.005735025575803691
    },
    "runtime_seconds": {
      "optimization": 0.0,
      "evaluation": 5.9
    }
  },
  "SO3 Degree 1": {
    "n_features": 8,
    "feature_names": [
      "w000",
      "w020",
      "w100",
      "w120",
      "w200",
      "w220",
      "w300",
      "w320"
    ],
    "balanced_accuracy": {
      "mean": 0.7025722883566021,
      "std": 0.0035742727853478266
    },
    "geometric_mean": {
      "mean": 0.6881221811573055,
      "std": 0.00368659927742161
    },
    "runtime_seconds": {
      "optimization": 0.0,
      "evaluation": 4.6
    }
  },
  "SO3 Degree 2": {
    "n_features": 39,
    "feature_names": [
      "dot_w010_w010",
      "dot_w010_w110",
      "dot_w010_w210",
      "dot_w010_w310",
      "dot_w110_w110",
      "dot_w110_w210",
      "dot_w110_w310",
      "dot_w210_w210",
      "dot_w210_w310",
      "dot_w310_w310",
      "frob_w020_w020",
      "frob_w020_w102",
      "frob_w020_w120",
      "frob_w020_w202",
      "frob_w020_w220",
      "frob_w020_w320",
      "frob_w102_w102",
      "frob_w102_w120",
      "frob_w102_w202",
      "frob_w102_w220",
      "frob_w102_w320",
      "frob_w120_w120",
      "frob_w120_w202",
      "frob_w120_w220",
      "frob_w120_w320",
      "frob_w202_w202",
      "frob_w202_w220",
      "frob_w202_w320",
      "frob_w220_w220",
      "frob_w220_w320",
      "frob_w320_w320",
      "w000",
      "w020",
      "w100",
      "w120",
      "w200",
      "w220",
      "w300",
      "w320"
    ],
    "balanced_accuracy": {
      "mean": 0.7147420274871257,
      "std": 0.0026144735845010916
    },
    "geometric_mean": {
      "mean": 0.7046252346269274,
      "std": 0.002555166616312458
    },
    "runtime_seconds": {
      "optimization": 0.0,
      "evaluation": 5.4
    }
  },
  "SO3 Degree 3": {
    "n_features": 219,
    "feature_names": "219 features",
    "balanced_accuracy": {
      "mean": 0.6466372837696367,
      "std": 0.0008944992270010684
    },
    "geometric_mean": {
      "mean": 0.636431878609657,
      "std": 4.147292380129328e-05
    },
    "runtime_seconds": {
      "optimization": 0.0,
      "evaluation": 5.8
    }
  },
  "SPHARM lmax=5": {
    "n_features": 72,
    "feature_names": "72 features",
    "balanced_accuracy": {
      "mean": 0.6202960504431093,
      "std": 0.0032935990282883833
    },
    "geometric_mean": {
      "mean": 0.6149708947276632,
      "std": 0.0029306273767628357
    },
    "runtime_seconds": {
      "optimization": 0.0,
      "evaluation": 6.9
    }
  },
  "SPHARM Inv lmax=5": {
    "n_features": 75,
    "feature_names": "75 features",
    "balanced_accuracy": {
      "mean": 0.6704692294153078,
      "std": 0.005231453050452205
    },
    "geometric_mean": {
      "mean": 0.6627998301692412,
      "std": 0.005789689803526455
    },
    "runtime_seconds": {
      "optimization": 0.0,
      "evaluation": 6.1
    }
  },
  "SPHARM lmax=16": {
    "n_features": 578,
    "feature_names": "578 features",
    "balanced_accuracy": {
      "mean": 0.5993008621685092,
      "std": 0.009100282985571289
    },
    "geometric_mean": {
      "mean": 0.5669108927627478,
      "std": 0.0118690790268316
    },
    "runtime_seconds": {
      "optimization": 0.0,
      "evaluation": 6.4
    }
  },
  "SPHARM Inv lmax=16": {
    "n_features": 1358,
    "feature_names": "1358 features",
    "balanced_accuracy": {
      "mean": 0.6274864006481654,
      "std": 0.00440526141798169
    },
    "geometric_mean": {
      "mean": 0.6077918441548282,
      "std": 0.0058576261291124025
    },
    "runtime_seconds": {
      "optimization": 0.0,
      "evaluation": 7.1
    }
  },
  "_meta": {
    "total_runtime_seconds": 82.7,
    "n_iter": 50,
    "seeds": 3,
    "linear_only": false
  }
}