subdivision,n_vertices,t_py_parse,t_py_compute,t_py_total,t_accel_parse,t_accel_compute,t_accel_total,t_kara
5,10242,0.036865875008516014,0.06508420797763392,0.10195008298614994,0.025009000033605844,0.03409954102244228,0.059108541056048125,0.200024
6,40962,0.08335404196986929,0.2604972500121221,0.3438512919819914,0.08939820900559425,0.13431933301035315,0.2237175420159474,0.740378
7,163842,0.36491600004956126,1.0835414579487406,1.4484574579983018,0.35590941697591916,0.5829819579957984,0.9388913749717176,2.843293
8,655362,1.4110482499818318,4.475514999998268,5.8865632499800995,1.395315458998084,2.5820751250139438,3.977390584012028,12.317813
9,2621442,5.626288334024139,18.27331283298554,23.899601167009678,5.638833792007063,11.773413541959599,17.41224733396666,48.361936
10,10485762,22.72932020900771,80.28522287501255,103.01454308402026,22.284369500004686,53.69279520801501,75.9771647080197,208.206287
