subdivision,n_vertices,t_py_parse,t_py_compute,t_py_total,t_accel_parse,t_accel_compute,t_accel_total,t_kara
5,10242,0.019071665999945253,0.10149587501655333,0.12056754101649858,0.01911991700762883,0.07948104097158648,0.09860095797921531,0.200024
6,40962,0.07219204201828688,0.43192741699749604,0.5041194590157829,0.06804012501379475,0.3297395409899764,0.3977796660037711,0.740378
7,163842,0.2845687499793712,1.707901125017088,1.9924698749964591,0.27523633299279027,1.2979674579983111,1.5732037909911014,2.843293
8,655362,1.1177150839939713,6.7459641250025015,7.863679208996473,1.0818190420104656,5.617419041984249,6.6992380839947145,12.317813
9,2621442,4.408054750005249,28.68151645900798,33.08957120901323,4.3648752919980325,23.371131374995457,27.73600666699349,48.361936
10,10485762,21.171963208005764,127.95028862499748,149.12225183300325,20.143251584027894,114.15514766599517,134.29839925002307,208.206287
