subdivision,n_vertices,t_py_parse,t_py_compute,t_py_total,t_accel_parse,t_accel_compute,t_accel_total,t_kara
5,10242,0.04153750000114087,0.0686307920004765,0.11016829200161737,0.02517016700221575,0.035057290999247925,0.060227458001463674,0.200024
6,40962,0.084902124999644,0.26550325000062003,0.35040537500026403,0.09119433300293167,0.1387824589983211,0.22997679200125276,0.740378
7,163842,0.3500080830017396,1.0799821250002424,1.429990208001982,0.36405241700049373,0.5945643749982992,0.9586167919987929,2.843293
8,655362,1.4940420829989307,4.810488167000585,6.304530249999516,1.4292892500016023,2.6114234589986154,4.040712709000218,12.317813
9,2621442,6.001379417000862,20.485331583000516,26.486711000001378,5.640353083999798,11.534039250000205,17.174392334000004,48.361936
10,10485762,27.027435290998255,89.18248045900327,116.20991575000153,23.201729166001314,54.98873104199811,78.19046020799942,208.206287
