{
  "Minkowski (tensors)": {
    "n_features": 62,
    "feature_names": "62 features",
    "balanced_accuracy": {
      "mean": 0.6146048231832545,
      "std": 0.004421470849477317
    },
    "geometric_mean": {
      "mean": 0.5699538032325333,
      "std": 0.007865096035066075
    },
    "runtime_seconds": {
      "optimization": 0.0,
      "evaluation": 3.2
    }
  },
  "Minkowski (tensors+eigen+beta)": {
    "n_features": 86,
    "feature_names": "86 features",
    "balanced_accuracy": {
      "mean": 0.6596057080125708,
      "std": 0.0050646786235684724
    },
    "geometric_mean": {
      "mean": 0.6215933751591524,
      "std": 0.007472278490401075
    },
    "runtime_seconds": {
      "optimization": 0.0,
      "evaluation": 0.2
    }
  },
  "SO3 Degree 1": {
    "n_features": 8,
    "feature_names": [
      "w000",
      "w020",
      "w100",
      "w120",
      "w200",
      "w220",
      "w300",
      "w320"
    ],
    "balanced_accuracy": {
      "mean": 0.6615946606142685,
      "std": 0.007878797136834152
    },
    "geometric_mean": {
      "mean": 0.630410779556117,
      "std": 0.01204302980248045
    },
    "runtime_seconds": {
      "optimization": 0.0,
      "evaluation": 0.2
    }
  },
  "SO3 Degree 2": {
    "n_features": 39,
    "feature_names": [
      "dot_w010_w010",
      "dot_w010_w110",
      "dot_w010_w210",
      "dot_w010_w310",
      "dot_w110_w110",
      "dot_w110_w210",
      "dot_w110_w310",
      "dot_w210_w210",
      "dot_w210_w310",
      "dot_w310_w310",
      "frob_w020_w020",
      "frob_w020_w102",
      "frob_w020_w120",
      "frob_w020_w202",
      "frob_w020_w220",
      "frob_w020_w320",
      "frob_w102_w102",
      "frob_w102_w120",
      "frob_w102_w202",
      "frob_w102_w220",
      "frob_w102_w320",
      "frob_w120_w120",
      "frob_w120_w202",
      "frob_w120_w220",
      "frob_w120_w320",
      "frob_w202_w202",
      "frob_w202_w220",
      "frob_w202_w320",
      "frob_w220_w220",
      "frob_w220_w320",
      "frob_w320_w320",
      "w000",
      "w020",
      "w100",
      "w120",
      "w200",
      "w220",
      "w300",
      "w320"
    ],
    "balanced_accuracy": {
      "mean": 0.6820775591608924,
      "std": 0.0038418318155707533
    },
    "geometric_mean": {
      "mean": 0.6694180280223357,
      "std": 0.005307211611194799
    },
    "runtime_seconds": {
      "optimization": 0.0,
      "evaluation": 0.3
    }
  },
  "SO3 Degree 3": {
    "n_features": 219,
    "feature_names": "219 features",
    "balanced_accuracy": {
      "mean": 0.6255042491562101,
      "std": 0.005397379456316767
    },
    "geometric_mean": {
      "mean": 0.5898337107955661,
      "std": 0.0072788897617690335
    },
    "runtime_seconds": {
      "optimization": 0.0,
      "evaluation": 0.3
    }
  },
  "SO2 Degree 1": {
    "n_features": 18,
    "feature_names": [
      "w000",
      "w010_z",
      "w020",
      "w020_zz",
      "w100",
      "w102_zz",
      "w110_z",
      "w120",
      "w120_zz",
      "w200",
      "w202_zz",
      "w210_z",
      "w220",
      "w220_zz",
      "w300",
      "w310_z",
      "w320",
      "w320_zz"
    ],
    "balanced_accuracy": {
      "mean": 0.6464374372462608,
      "std": 0.004583696974667739
    },
    "geometric_mean": {
      "mean": 0.6108835619375158,
      "std": 0.008672941465826374
    },
    "runtime_seconds": {
      "optimization": 0.0,
      "evaluation": 0.2
    }
  },
  "SO2 Degree 2": {
    "n_features": 94,
    "feature_names": "94 features",
    "balanced_accuracy": {
      "mean": 0.6707349793134108,
      "std": 0.00867620484404997
    },
    "geometric_mean": {
      "mean": 0.658130776873541,
      "std": 0.009993533532992645
    },
    "runtime_seconds": {
      "optimization": 0.0,
      "evaluation": 0.2
    }
  },
  "SO2 Degree 3": {
    "n_features": 754,
    "feature_names": "754 features",
    "balanced_accuracy": {
      "mean": 0.5780486543966936,
      "std": 0.0011984265341492817
    },
    "geometric_mean": {
      "mean": 0.5262553526224717,
      "std": 0.002920293552472315
    },
    "runtime_seconds": {
      "optimization": 0.0,
      "evaluation": 0.9
    }
  },
  "_meta": {
    "total_runtime_seconds": 19.6,
    "n_iter": 50,
    "seeds": 3,
    "linear_only": true
  }
}