{
  "Minkowski (tensors)": {
    "n_features": 62,
    "feature_names": "62 features",
    "balanced_accuracy": {
      "mean": 0.6713944798503623,
      "std": 0.004926960342609805
    },
    "geometric_mean": {
      "mean": 0.6445031657880999,
      "std": 0.006546448974139131
    },
    "runtime_seconds": {
      "optimization": 0.0,
      "evaluation": 5.8
    }
  },
  "Minkowski (tensors+eigen+beta)": {
    "n_features": 86,
    "feature_names": "86 features",
    "balanced_accuracy": {
      "mean": 0.725439593209201,
      "std": 0.0037167355935890127
    },
    "geometric_mean": {
      "mean": 0.7164933588776434,
      "std": 0.005735025575803691
    },
    "runtime_seconds": {
      "optimization": 0.0,
      "evaluation": 2.5
    }
  },
  "SO3 Degree 1": {
    "n_features": 8,
    "feature_names": [
      "w000",
      "w020",
      "w100",
      "w120",
      "w200",
      "w220",
      "w300",
      "w320"
    ],
    "balanced_accuracy": {
      "mean": 0.7025722883566021,
      "std": 0.0035742727853478266
    },
    "geometric_mean": {
      "mean": 0.6881221811573055,
      "std": 0.00368659927742161
    },
    "runtime_seconds": {
      "optimization": 0.0,
      "evaluation": 1.9
    }
  },
  "SO3 Degree 2": {
    "n_features": 39,
    "feature_names": [
      "dot_w010_w010",
      "dot_w010_w110",
      "dot_w010_w210",
      "dot_w010_w310",
      "dot_w110_w110",
      "dot_w110_w210",
      "dot_w110_w310",
      "dot_w210_w210",
      "dot_w210_w310",
      "dot_w310_w310",
      "frob_w020_w020",
      "frob_w020_w102",
      "frob_w020_w120",
      "frob_w020_w202",
      "frob_w020_w220",
      "frob_w020_w320",
      "frob_w102_w102",
      "frob_w102_w120",
      "frob_w102_w202",
      "frob_w102_w220",
      "frob_w102_w320",
      "frob_w120_w120",
      "frob_w120_w202",
      "frob_w120_w220",
      "frob_w120_w320",
      "frob_w202_w202",
      "frob_w202_w220",
      "frob_w202_w320",
      "frob_w220_w220",
      "frob_w220_w320",
      "frob_w320_w320",
      "w000",
      "w020",
      "w100",
      "w120",
      "w200",
      "w220",
      "w300",
      "w320"
    ],
    "balanced_accuracy": {
      "mean": 0.7147420274871257,
      "std": 0.0026144735845010916
    },
    "geometric_mean": {
      "mean": 0.7046252346269274,
      "std": 0.002555166616312458
    },
    "runtime_seconds": {
      "optimization": 0.0,
      "evaluation": 2.3
    }
  },
  "SO3 Degree 3": {
    "n_features": 219,
    "feature_names": "219 features",
    "balanced_accuracy": {
      "mean": 0.6466372837696367,
      "std": 0.0008944992270010684
    },
    "geometric_mean": {
      "mean": 0.636431878609657,
      "std": 4.147292380129328e-05
    },
    "runtime_seconds": {
      "optimization": 0.0,
      "evaluation": 3.1
    }
  },
  "SO2 Degree 1": {
    "n_features": 18,
    "feature_names": [
      "w000",
      "w010_z",
      "w020",
      "w020_zz",
      "w100",
      "w102_zz",
      "w110_z",
      "w120",
      "w120_zz",
      "w200",
      "w202_zz",
      "w210_z",
      "w220",
      "w220_zz",
      "w300",
      "w310_z",
      "w320",
      "w320_zz"
    ],
    "balanced_accuracy": {
      "mean": 0.7159382389774546,
      "std": 0.0022803661532633393
    },
    "geometric_mean": {
      "mean": 0.7044013686919053,
      "std": 0.0024919423578143437
    },
    "runtime_seconds": {
      "optimization": 0.0,
      "evaluation": 2.0
    }
  },
  "SO2 Degree 2": {
    "n_features": 94,
    "feature_names": "94 features",
    "balanced_accuracy": {
      "mean": 0.6822944347454151,
      "std": 0.0017290866248284662
    },
    "geometric_mean": {
      "mean": 0.6700785327940992,
      "std": 0.0013010498915200545
    },
    "runtime_seconds": {
      "optimization": 0.0,
      "evaluation": 2.6
    }
  },
  "SO2 Degree 3": {
    "n_features": 754,
    "feature_names": "754 features",
    "balanced_accuracy": {
      "mean": 0.5876798669690827,
      "std": 0.013007074500857764
    },
    "geometric_mean": {
      "mean": 0.5639384022805277,
      "std": 0.017481685106734576
    },
    "runtime_seconds": {
      "optimization": 0.0,
      "evaluation": 4.1
    }
  },
  "_meta": {
    "total_runtime_seconds": 38.4,
    "n_iter": 50,
    "seeds": 3,
    "linear_only": false
  }
}